{
  "name": "Alex Thompson",
  "profession": "Software Developer",
  "location": "London, UK",
  "bio": "Alex is a passionate software developer with over 10 years of experience in building web applications. He specializes in JavaScript, Node.js, and React, and loves contributing to open-source projects.",
  "skills": [
    "JavaScript",
    "Node.js",
    "React",
    "TypeScript",
    "GraphQL",
    "Docker"
  ],
  "projects": [
    {
      "name": "Project Atlas",
      "description": "An open-source platform for visualizing large datasets in real-time.",
      "technologies": ["React", "D3.js", "Node.js"]
    },
    {
      "name": "DevConnect",
      "description": "A social network for developers to collaborate on projects and share knowledge.",
      "technologies": ["Node.js", "GraphQL", "React", "MongoDB"]
    }
  ],
  "faqs": [
    {
      "question": "What inspired you to become a software developer?",
      "answer": "I've always been fascinated by technology and how it can be used to solve real-world problems. Writing my first line of code and seeing it come to life was a pivotal moment for me."
    },
    {
      "question": "What are your favorite technologies to work with?",
      "answer": "I love working with JavaScript and React for front-end development, and Node.js for backend development. These technologies offer a lot of flexibility and power."
    },
    {
      "question": "What advice do you have for aspiring developers?",
      "answer": "Never stop learning and experimenting. The tech field is always evolving, and staying curious will help you grow and succeed."
    }
  ],
  "contact": {
    "email": "alex.thompson@example.com",
    "linkedin": "https://linkedin.com/in/alex-thompson",
    "github": "https://github.com/alex-thompson"
  }
}
