{
  "name": "Kofi Arhin",
  "contact": {
    "phone": "+44 7863793051",
    "email": "kofiarhin69@gmail.com",
    "linkedin": "https://www.linkedin.com/in/joshua-obu-9b49b72b/",
    "github": "https://github.com/kofiarhin",
    "codepen": "http://codepen.io/esco69/",
    "youtube": "https://www.youtube.com/channel/UCKHAmydXRabltNm9hSoFzbA",
    "website": "http://www.devkofi.com"
  },
  "personal": {
    "relationship": {
      "status": "In a relationship",
      "partnerName": "Laura Cromack",
      "note": "When 'girlfriend' is mentioned, it refers to Laura Cromack unless otherwise specified."
    }
  },
  "bio": {
    "summary": "Strategic, no-nonsense software engineer and content creator focused on building practical, production-grade systems...",
    "focus": [
      "Full-stack development (Node.js, Express, React, MongoDB)",
      "AI agents and automation systems",
      "Real-time messaging, matchmaking, and analytics",
      "Narrative-driven content for short-form platforms",
      "Creative world-building",
      "Personal systems for generational wealth and presence practice"
    ],
    "style": "Pragmatic, clear, and direct \u2014 avoids fluff, seeks clarity, and executes with precision."
  },
  "availability": {
    "status": "Yes",
    "message": "I'm currently available for work and open to collaboration from Monday to Friday. Feel free to send an email so we can discuss potential projects and opportunities."
  },
  "fallbackAnswers": {
    "generalInquiry": "I'm currently expanding my knowledge base. Feel free to reach out and I'll get back to you.",
    "projectInquiry": "Send me an email with project details and we\u2019ll explore the fit.",
    "techSkillInquiry": "Let me know the tech topic \u2014 I\u2019m always learning and can point you in the right direction.",
    "availabilityInquiry": "I\u2019m available for new opportunities. Email me with your project scope.",
    "generalGuidance": "Reach out and I\u2019ll try to help or direct you to the right resources.",
    "unknownInquiry": "I may not have the answer yet, but I\u2019ll help you find it.",
    "mentorshipCoachingInquiry": "I'm available for mentorship and coaching. Email me to discuss how I can support your growth."
  }
}